{"controlador.ed.lista.ListaEnlazada":{"cabecera":{"info":{"@class":"modelo.Auto","id":1,"nombre":"Auto 1","cordX":1,"cordY":2},"sig":{"info":{"@class":"modelo.Auto","id":2,"nombre":"Auto 2","cordX":3,"cordY":2},"sig":{"info":{"@class":"modelo.Auto","id":3,"nombre":"Auto 3","cordX":3,"cordY":2},"sig":{"info":{"@class":"modelo.Auto","id":4,"nombre":"Auto 4","cordX":7,"cordY":1},"sig":{"info":{"@class":"modelo.Auto","id":5,"nombre":"Auto 5","cordX":-2,"cordY":-1},"sig":{"info":{"@class":"modelo.Auto","id":6,"nombre":"Auto 6","cordX":5,"cordY":3},"sig":{"info":{"@class":"modelo.Auto","id":7,"nombre":"Auto 7","cordX":8,"cordY":3}}}}}}}},"size":7}}